source.level,source.message,dataset,timestamp,$workers.truncated,$workers.event.queue,$workers.event.batchSize,$workers.scriptName,$workers.outcome,$workers.eventType,$workers.scriptVersion.id,$workers.executionModel,$workers.requestId,$metadata.id,$metadata.requestId,$metadata.trigger,$metadata.service,$metadata.level,$metadata.error,$metadata.message,$metadata.account,$metadata.type,$metadata.fingerprint,$metadata.origin,$metadata.errorTemplate,$metadata.startTime,$metadata.endTime,$metadata.now,links
error,"[ERROR] [Discovery] Vector ""api_discovery"" failed: Vector execution timed out after 110s",cloudflare-workers,2026-03-18T02:23:58.994Z,false,discovery-queue,1,job-hunter-bot,ok,queue,bf4a61a0-ee48-4507-88d6-944deccb04d3,stateless,H798FRSLZPXB1FAU,01KKZC3JMCHNB8MGRF5AMYGKFB,H798FRSLZPXB1FAU,discovery-queue,job-hunter-bot,error,"[ERROR] [Discovery] Vector ""api_discovery"" failed: Vector execution timed out after 110s","[ERROR] [Discovery] Vector ""api_discovery"" failed: Vector execution timed out after 110s",346e138aae29f6b381c1ebae50734856,cf-worker,b32fb5a67058888d7039a7465d34455b,queue,"[ERROR] [Discovery] Vector ""<*>"" failed: Vector execution timed out after 110s",undefined,undefined,undefined,[]
error,"[ERROR] [Discovery] Vector ""search"" failed: Vector execution timed out after 110s",cloudflare-workers,2026-03-18T02:22:31.422Z,false,discovery-queue,1,job-hunter-bot,ok,queue,bf4a61a0-ee48-4507-88d6-944deccb04d3,stateless,CZCUIOD0I8ND86F7,01KKZC0X3QKNM1G0VZSQ2QQ04E,CZCUIOD0I8ND86F7,discovery-queue,job-hunter-bot,error,"[ERROR] [Discovery] Vector ""search"" failed: Vector execution timed out after 110s","[ERROR] [Discovery] Vector ""search"" failed: Vector execution timed out after 110s",346e138aae29f6b381c1ebae50734856,cf-worker,d4ca89458359150b23ce2d62901152c1,queue,,undefined,undefined,undefined,[]
error,"[ERROR] [Discovery] Vector ""api_discovery"" failed: Vector execution timed out after 110s",cloudflare-workers,2026-03-18T02:22:08.585Z,false,discovery-queue,1,job-hunter-bot,ok,queue,bf4a61a0-ee48-4507-88d6-944deccb04d3,stateless,NG8F4OET2VVH2JQ6,01KKZC06P9915133TD82JX0Y2A,NG8F4OET2VVH2JQ6,discovery-queue,job-hunter-bot,error,"[ERROR] [Discovery] Vector ""api_discovery"" failed: Vector execution timed out after 110s","[ERROR] [Discovery] Vector ""api_discovery"" failed: Vector execution timed out after 110s",346e138aae29f6b381c1ebae50734856,cf-worker,acf233ee408f5b57bb6242e78f364b8c,queue,,undefined,undefined,undefined,[]
error,"[ERROR] [Discovery] Vector ""search"" failed: Vector execution timed out after 110s",cloudflare-workers,2026-03-18T02:20:41.021Z,false,discovery-queue,1,job-hunter-bot,ok,queue,bf4a61a0-ee48-4507-88d6-944deccb04d3,stateless,MQCSYEFIOQ2BY82G,01KKZBXH86ZDGKE4HG1X11T7BA,MQCSYEFIOQ2BY82G,discovery-queue,job-hunter-bot,error,"[ERROR] [Discovery] Vector ""search"" failed: Vector execution timed out after 110s","[ERROR] [Discovery] Vector ""search"" failed: Vector execution timed out after 110s",346e138aae29f6b381c1ebae50734856,cf-worker,d4ca89458359150b23ce2d62901152c1,queue,,undefined,undefined,undefined,[]
error,"[ERROR] [Discovery] Vector ""api_discovery"" failed: Vector execution timed out after 110s",cloudflare-workers,2026-03-18T02:19:52.716Z,false,discovery-queue,2,job-hunter-bot,ok,queue,bf4a61a0-ee48-4507-88d6-944deccb04d3,stateless,P97LNMIC6Q7Y4KQF,01KKZBWTZFF46BYS2FET9C662B,P97LNMIC6Q7Y4KQF,discovery-queue,job-hunter-bot,error,"[ERROR] [Discovery] Vector ""api_discovery"" failed: Vector execution timed out after 110s","[ERROR] [Discovery] Vector ""api_discovery"" failed: Vector execution timed out after 110s",346e138aae29f6b381c1ebae50734856,cf-worker,acf233ee408f5b57bb6242e78f364b8c,queue,,undefined,undefined,undefined,[]
error,"[ERROR] [Discovery] Vector ""search"" failed: Vector execution timed out after 110s",cloudflare-workers,2026-03-18T02:18:50.565Z,false,discovery-queue,2,job-hunter-bot,ok,queue,bf4a61a0-ee48-4507-88d6-944deccb04d3,stateless,X6VHXBARPDZQ0OJV,01KKZBT5C94T54SBSZ0H9A0S1W,X6VHXBARPDZQ0OJV,discovery-queue,job-hunter-bot,error,"[ERROR] [Discovery] Vector ""search"" failed: Vector execution timed out after 110s","[ERROR] [Discovery] Vector ""search"" failed: Vector execution timed out after 110s",346e138aae29f6b381c1ebae50734856,cf-worker,d4ca89458359150b23ce2d62901152c1,queue,,undefined,undefined,undefined,[]
error,"[ERROR] [Discovery] Vector ""search"" failed: Vector execution timed out after 110s",cloudflare-workers,2026-03-18T02:03:47.392Z,false,discovery-queue,1,job-hunter-bot,ok,queue,bf4a61a0-ee48-4507-88d6-944deccb04d3,stateless,67KWVXDD02NXVF9F,01KKZAYKYVQ7NMPNS0S1VE7NFF,67KWVXDD02NXVF9F,discovery-queue,job-hunter-bot,error,"[ERROR] [Discovery] Vector ""search"" failed: Vector execution timed out after 110s","[ERROR] [Discovery] Vector ""search"" failed: Vector execution timed out after 110s",346e138aae29f6b381c1ebae50734856,cf-worker,d4ca89458359150b23ce2d62901152c1,queue,,undefined,undefined,undefined,[]
error,"[ERROR] [Discovery] Vector ""search"" failed: Vector execution timed out after 110s",cloudflare-workers,2026-03-18T02:01:56.998Z,false,discovery-queue,1,job-hunter-bot,ok,queue,bf4a61a0-ee48-4507-88d6-944deccb04d3,stateless,JNAC6QN9O2QTY1GX,01KKZAV7G634RY6WKEKVQDASQ3,JNAC6QN9O2QTY1GX,discovery-queue,job-hunter-bot,error,"[ERROR] [Discovery] Vector ""search"" failed: Vector execution timed out after 110s","[ERROR] [Discovery] Vector ""search"" failed: Vector execution timed out after 110s",346e138aae29f6b381c1ebae50734856,cf-worker,d4ca89458359150b23ce2d62901152c1,queue,,undefined,undefined,undefined,[]
error,"[ERROR] [Discovery] Vector ""search"" failed: Vector execution timed out after 110s",cloudflare-workers,2026-03-18T02:00:06.591Z,false,discovery-queue,1,job-hunter-bot,ok,queue,bf4a61a0-ee48-4507-88d6-944deccb04d3,stateless,SSJ54HSW3RDIQ6MD,01KKZAQVS6GWT4E7RV4B1QZN8D,SSJ54HSW3RDIQ6MD,discovery-queue,job-hunter-bot,error,"[ERROR] [Discovery] Vector ""search"" failed: Vector execution timed out after 110s","[ERROR] [Discovery] Vector ""search"" failed: Vector execution timed out after 110s",346e138aae29f6b381c1ebae50734856,cf-worker,d4ca89458359150b23ce2d62901152c1,queue,,undefined,undefined,undefined,[]
error,"[ERROR] [Discovery] Vector ""search"" failed: Vector execution timed out after 110s",cloudflare-workers,2026-03-18T01:58:15.432Z,false,discovery-queue,2,job-hunter-bot,ok,queue,bf4a61a0-ee48-4507-88d6-944deccb04d3,stateless,WO4FPQMNJN50JIF3,01KKZAMFQE2J90DP151JM3K0FB,WO4FPQMNJN50JIF3,discovery-queue,job-hunter-bot,error,"[ERROR] [Discovery] Vector ""search"" failed: Vector execution timed out after 110s","[ERROR] [Discovery] Vector ""search"" failed: Vector execution timed out after 110s",346e138aae29f6b381c1ebae50734856,cf-worker,d4ca89458359150b23ce2d62901152c1,queue,,undefined,undefined,undefined,[]
error,"[ERROR] [Discovery] Vector ""search"" failed: Vector execution timed out after 110s",cloudflare-workers,2026-03-18T01:43:59.325Z,false,discovery-queue,1,job-hunter-bot,ok,queue,bf4a61a0-ee48-4507-88d6-944deccb04d3,stateless,AV4EK1CQI2MKGZX0,01KKZ9TBMFD28M929TS4PKDCHQ,AV4EK1CQI2MKGZX0,discovery-queue,job-hunter-bot,error,"[ERROR] [Discovery] Vector ""search"" failed: Vector execution timed out after 110s","[ERROR] [Discovery] Vector ""search"" failed: Vector execution timed out after 110s",346e138aae29f6b381c1ebae50734856,cf-worker,d4ca89458359150b23ce2d62901152c1,queue,,undefined,undefined,undefined,[]
error,"[ERROR] [Discovery] Vector ""search"" failed: Vector execution timed out after 110s",cloudflare-workers,2026-03-18T01:42:08.984Z,false,discovery-queue,1,job-hunter-bot,ok,queue,bf4a61a0-ee48-4507-88d6-944deccb04d3,stateless,VFXSFSR3RVSB9JXT,01KKZ9PZE8GX2PY5EZB1HY9KMF,VFXSFSR3RVSB9JXT,discovery-queue,job-hunter-bot,error,"[ERROR] [Discovery] Vector ""search"" failed: Vector execution timed out after 110s","[ERROR] [Discovery] Vector ""search"" failed: Vector execution timed out after 110s",346e138aae29f6b381c1ebae50734856,cf-worker,d4ca89458359150b23ce2d62901152c1,queue,,undefined,undefined,undefined,[]
error,"[ERROR] [Discovery] Vector ""search"" failed: Vector execution timed out after 110s",cloudflare-workers,2026-03-18T01:40:00.096Z,false,discovery-queue,2,job-hunter-bot,ok,queue,bf4a61a0-ee48-4507-88d6-944deccb04d3,stateless,XI10LJ9P8RBJ8KAB,01KKZ9KKK2NJMYN93SYVDM734M,XI10LJ9P8RBJ8KAB,discovery-queue,job-hunter-bot,error,"[ERROR] [Discovery] Vector ""search"" failed: Vector execution timed out after 110s","[ERROR] [Discovery] Vector ""search"" failed: Vector execution timed out after 110s",346e138aae29f6b381c1ebae50734856,cf-worker,d4ca89458359150b23ce2d62901152c1,queue,,undefined,undefined,undefined,[]
error,"[ERROR] [Discovery] Vector ""search"" failed: Vector execution timed out after 110s",cloudflare-workers,2026-03-18T01:38:08.887Z,false,discovery-queue,2,job-hunter-bot,ok,queue,bf4a61a0-ee48-4507-88d6-944deccb04d3,stateless,RS02LQSVO9CXOOV6,01KKZ9FNNR6ZCKP08N9R3HZ92B,RS02LQSVO9CXOOV6,discovery-queue,job-hunter-bot,error,"[ERROR] [Discovery] Vector ""search"" failed: Vector execution timed out after 110s","[ERROR] [Discovery] Vector ""search"" failed: Vector execution timed out after 110s",346e138aae29f6b381c1ebae50734856,cf-worker,d4ca89458359150b23ce2d62901152c1,queue,,undefined,undefined,undefined,[]
error,"[ERROR] [Discovery] Vector ""api_discovery"" failed: Vector execution timed out after 110s",cloudflare-workers,2026-03-18T01:24:02.596Z,false,discovery-queue,1,job-hunter-bot,ok,queue,bf4a61a0-ee48-4507-88d6-944deccb04d3,stateless,3JY5Q2FL3HOZFM36,01KKZ8NTD4SH281ZS2SRZN3546,3JY5Q2FL3HOZFM36,discovery-queue,job-hunter-bot,error,"[ERROR] [Discovery] Vector ""api_discovery"" failed: Vector execution timed out after 110s","[ERROR] [Discovery] Vector ""api_discovery"" failed: Vector execution timed out after 110s",346e138aae29f6b381c1ebae50734856,cf-worker,acf233ee408f5b57bb6242e78f364b8c,queue,,undefined,undefined,undefined,[]
error,"[ERROR] [Discovery] Vector ""search"" failed: Vector execution timed out after 110s",cloudflare-workers,2026-03-18T01:23:51.465Z,false,discovery-queue,1,job-hunter-bot,ok,queue,bf4a61a0-ee48-4507-88d6-944deccb04d3,stateless,LODXMLW7J1AO0KYI,01KKZ8NFH9YEQ3ZC3JPB8Q5SGK,LODXMLW7J1AO0KYI,discovery-queue,job-hunter-bot,error,"[ERROR] [Discovery] Vector ""search"" failed: Vector execution timed out after 110s","[ERROR] [Discovery] Vector ""search"" failed: Vector execution timed out after 110s",346e138aae29f6b381c1ebae50734856,cf-worker,d4ca89458359150b23ce2d62901152c1,queue,,undefined,undefined,undefined,[]
error,"[ERROR] [Discovery] Vector ""api_discovery"" failed: Vector execution timed out after 110s",cloudflare-workers,2026-03-18T01:22:12.205Z,false,discovery-queue,1,job-hunter-bot,ok,queue,bf4a61a0-ee48-4507-88d6-944deccb04d3,stateless,Y16MHSVO5HGYKOH7,01KKZ8JEKDPP8WCAF7X5X66GA6,Y16MHSVO5HGYKOH7,discovery-queue,job-hunter-bot,error,"[ERROR] [Discovery] Vector ""api_discovery"" failed: Vector execution timed out after 110s","[ERROR] [Discovery] Vector ""api_discovery"" failed: Vector execution timed out after 110s",346e138aae29f6b381c1ebae50734856,cf-worker,acf233ee408f5b57bb6242e78f364b8c,queue,,undefined,undefined,undefined,[]
error,"[ERROR] [Discovery] Vector ""search"" failed: Vector execution timed out after 110s",cloudflare-workers,2026-03-18T01:22:01.193Z,false,discovery-queue,1,job-hunter-bot,ok,queue,bf4a61a0-ee48-4507-88d6-944deccb04d3,stateless,NLCVNXLI9AGK31KQ,01KKZ8J3V9DNYK83WXW1VP6D3G,NLCVNXLI9AGK31KQ,discovery-queue,job-hunter-bot,error,"[ERROR] [Discovery] Vector ""search"" failed: Vector execution timed out after 110s","[ERROR] [Discovery] Vector ""search"" failed: Vector execution timed out after 110s",346e138aae29f6b381c1ebae50734856,cf-worker,d4ca89458359150b23ce2d62901152c1,queue,,undefined,undefined,undefined,[]
error,"[ERROR] [Discovery] Vector ""api_discovery"" failed: Vector execution timed out after 110s",cloudflare-workers,2026-03-18T01:20:21.937Z,false,discovery-queue,1,job-hunter-bot,ok,queue,bf4a61a0-ee48-4507-88d6-944deccb04d3,stateless,Q472MSHTYOLX26ZZ,01KKZ8F30TVR6X1Q726VN8YZDR,Q472MSHTYOLX26ZZ,discovery-queue,job-hunter-bot,error,"[ERROR] [Discovery] Vector ""api_discovery"" failed: Vector execution timed out after 110s","[ERROR] [Discovery] Vector ""api_discovery"" failed: Vector execution timed out after 110s",346e138aae29f6b381c1ebae50734856,cf-worker,acf233ee408f5b57bb6242e78f364b8c,queue,,undefined,undefined,undefined,[]
error,"[ERROR] [Discovery] Vector ""search"" failed: Vector execution timed out after 110s",cloudflare-workers,2026-03-18T01:20:10.773Z,false,discovery-queue,1,job-hunter-bot,ok,queue,bf4a61a0-ee48-4507-88d6-944deccb04d3,stateless,QJGUFW32WJZ4C59V,01KKZ8ER3JERA66N62K4Z6WEAW,QJGUFW32WJZ4C59V,discovery-queue,job-hunter-bot,error,"[ERROR] [Discovery] Vector ""search"" failed: Vector execution timed out after 110s","[ERROR] [Discovery] Vector ""search"" failed: Vector execution timed out after 110s",346e138aae29f6b381c1ebae50734856,cf-worker,d4ca89458359150b23ce2d62901152c1,queue,,undefined,undefined,undefined,[]
error,"[ERROR] [Discovery] Vector ""api_discovery"" failed: Vector execution timed out after 110s",cloudflare-workers,2026-03-18T01:18:31.534Z,false,discovery-queue,1,job-hunter-bot,ok,queue,bf4a61a0-ee48-4507-88d6-944deccb04d3,stateless,XOXLFQ5ERBUB28E4,01KKZ8BQ6CGHCHWV37M0GD8A5K,XOXLFQ5ERBUB28E4,discovery-queue,job-hunter-bot,error,"[ERROR] [Discovery] Vector ""api_discovery"" failed: Vector execution timed out after 110s","[ERROR] [Discovery] Vector ""api_discovery"" failed: Vector execution timed out after 110s",346e138aae29f6b381c1ebae50734856,cf-worker,b32fb5a67058888d7039a7465d34455b,queue,"[ERROR] [Discovery] Vector ""<*>"" failed: Vector execution timed out after 110s",undefined,undefined,undefined,[]
error,"[ERROR] [Discovery] Vector ""search"" failed: Vector execution timed out after 110s",cloudflare-workers,2026-03-18T01:18:20.224Z,false,discovery-queue,2,job-hunter-bot,ok,queue,bf4a61a0-ee48-4507-88d6-944deccb04d3,stateless,6D4YBLO6LCDXBVNI,01KKZ8BC46SEP9M79PQNBAQJ33,6D4YBLO6LCDXBVNI,discovery-queue,job-hunter-bot,error,"[ERROR] [Discovery] Vector ""search"" failed: Vector execution timed out after 110s","[ERROR] [Discovery] Vector ""search"" failed: Vector execution timed out after 110s",346e138aae29f6b381c1ebae50734856,cf-worker,d4ca89458359150b23ce2d62901152c1,queue,,undefined,undefined,undefined,[]
error,"[ERROR] [Discovery] Vector ""search"" failed: Vector execution timed out after 110s",cloudflare-workers,2026-03-18T01:03:50.389Z,false,discovery-queue,1,job-hunter-bot,ok,queue,bf4a61a0-ee48-4507-88d6-944deccb04d3,stateless,1W3PR06QK2EOS9BO,01KKZ7GTKNSEFD9QA3FFD70S3Z,1W3PR06QK2EOS9BO,discovery-queue,job-hunter-bot,error,"[ERROR] [Discovery] Vector ""search"" failed: Vector execution timed out after 110s","[ERROR] [Discovery] Vector ""search"" failed: Vector execution timed out after 110s",346e138aae29f6b381c1ebae50734856,cf-worker,d4ca89458359150b23ce2d62901152c1,queue,,undefined,undefined,undefined,[]
error,"[ERROR] [Discovery] Vector ""search"" failed: Vector execution timed out after 110s",cloudflare-workers,2026-03-18T01:01:59.979Z,false,discovery-queue,1,job-hunter-bot,ok,queue,bf4a61a0-ee48-4507-88d6-944deccb04d3,stateless,KQL0H6Q37CITE5ZP,01KKZ7DESBTQS0Z2Y46DVP98ZW,KQL0H6Q37CITE5ZP,discovery-queue,job-hunter-bot,error,"[ERROR] [Discovery] Vector ""search"" failed: Vector execution timed out after 110s","[ERROR] [Discovery] Vector ""search"" failed: Vector execution timed out after 110s",346e138aae29f6b381c1ebae50734856,cf-worker,d4ca89458359150b23ce2d62901152c1,queue,,undefined,undefined,undefined,[]
error,"[ERROR] [Discovery] Vector ""search"" failed: Vector execution timed out after 110s",cloudflare-workers,2026-03-18T00:59:57.323Z,false,discovery-queue,2,job-hunter-bot,ok,queue,bf4a61a0-ee48-4507-88d6-944deccb04d3,stateless,TJRBKBY0549JLI7W,01KKZ7A30ZBYJ220YMZJ79NY74,TJRBKBY0549JLI7W,discovery-queue,job-hunter-bot,error,"[ERROR] [Discovery] Vector ""search"" failed: Vector execution timed out after 110s","[ERROR] [Discovery] Vector ""search"" failed: Vector execution timed out after 110s",346e138aae29f6b381c1ebae50734856,cf-worker,d4ca89458359150b23ce2d62901152c1,queue,,undefined,undefined,undefined,[]
error,"[ERROR] [Discovery] Vector ""search"" failed: Vector execution timed out after 110s",cloudflare-workers,2026-03-18T00:58:06.765Z,false,discovery-queue,2,job-hunter-bot,ok,queue,bf4a61a0-ee48-4507-88d6-944deccb04d3,stateless,4GON57RLOY8LWDAE,01KKZ76B1DVEXRV0R78WQB3PC5,4GON57RLOY8LWDAE,discovery-queue,job-hunter-bot,error,"[ERROR] [Discovery] Vector ""search"" failed: Vector execution timed out after 110s","[ERROR] [Discovery] Vector ""search"" failed: Vector execution timed out after 110s",346e138aae29f6b381c1ebae50734856,cf-worker,d4ca89458359150b23ce2d62901152c1,queue,,undefined,undefined,undefined,[]
error,"[ERROR] [Discovery] Vector ""search"" failed: Vector execution timed out after 110s",cloudflare-workers,2026-03-18T00:43:42.359Z,false,discovery-queue,1,job-hunter-bot,ok,queue,bf4a61a0-ee48-4507-88d6-944deccb04d3,stateless,WPQKOV5S180Z9B0Q,01KKZ6BZH20CHGDC3RV2FHXYXT,WPQKOV5S180Z9B0Q,discovery-queue,job-hunter-bot,error,"[ERROR] [Discovery] Vector ""search"" failed: Vector execution timed out after 110s","[ERROR] [Discovery] Vector ""search"" failed: Vector execution timed out after 110s",346e138aae29f6b381c1ebae50734856,cf-worker,d4ca89458359150b23ce2d62901152c1,queue,,undefined,undefined,undefined,[]
error,"[ERROR] [Discovery] Vector ""search"" failed: Vector execution timed out after 110s",cloudflare-workers,2026-03-18T00:41:51.951Z,false,discovery-queue,1,job-hunter-bot,ok,queue,bf4a61a0-ee48-4507-88d6-944deccb04d3,stateless,RPNEUPODGEE4B7QM,01KKZ68K41VZRC0YZ4BMMPJKHE,RPNEUPODGEE4B7QM,discovery-queue,job-hunter-bot,error,"[ERROR] [Discovery] Vector ""search"" failed: Vector execution timed out after 110s","[ERROR] [Discovery] Vector ""search"" failed: Vector execution timed out after 110s",346e138aae29f6b381c1ebae50734856,cf-worker,d4ca89458359150b23ce2d62901152c1,queue,,undefined,undefined,undefined,[]
error,"[ERROR] [Discovery] Vector ""search"" failed: Vector execution timed out after 110s",cloudflare-workers,2026-03-18T00:40:00.904Z,false,discovery-queue,1,job-hunter-bot,ok,queue,bf4a61a0-ee48-4507-88d6-944deccb04d3,stateless,KO5UZRM3WA9UOA4H,01KKZ6579VNPE2VTWKX2W20QC6,KO5UZRM3WA9UOA4H,discovery-queue,job-hunter-bot,error,"[ERROR] [Discovery] Vector ""search"" failed: Vector execution timed out after 110s","[ERROR] [Discovery] Vector ""search"" failed: Vector execution timed out after 110s",346e138aae29f6b381c1ebae50734856,cf-worker,d4ca89458359150b23ce2d62901152c1,queue,,undefined,undefined,undefined,[]
error,"[ERROR] [Discovery] Vector ""search"" failed: Vector execution timed out after 110s",cloudflare-workers,2026-03-18T00:38:10.299Z,false,discovery-queue,2,job-hunter-bot,ok,queue,bf4a61a0-ee48-4507-88d6-944deccb04d3,stateless,Y6H2KZ8FJF4UX0WM,01KKZ61TNQ8E8TK27YENQ665E0,Y6H2KZ8FJF4UX0WM,discovery-queue,job-hunter-bot,error,"[ERROR] [Discovery] Vector ""search"" failed: Vector execution timed out after 110s","[ERROR] [Discovery] Vector ""search"" failed: Vector execution timed out after 110s",346e138aae29f6b381c1ebae50734856,cf-worker,d4ca89458359150b23ce2d62901152c1,queue,,undefined,undefined,undefined,[]
error,"[ERROR] [Discovery] Vector ""search"" failed: Vector execution timed out after 110s",cloudflare-workers,2026-03-18T00:24:21.155Z,false,discovery-queue,1,job-hunter-bot,ok,queue,bf4a61a0-ee48-4507-88d6-944deccb04d3,stateless,Z6NKS9CR7UUCH8DZ,01KKZ58GX30H66PVKK2CHYWPD2,Z6NKS9CR7UUCH8DZ,discovery-queue,job-hunter-bot,error,"[ERROR] [Discovery] Vector ""search"" failed: Vector execution timed out after 110s","[ERROR] [Discovery] Vector ""search"" failed: Vector execution timed out after 110s",346e138aae29f6b381c1ebae50734856,cf-worker,d4ca89458359150b23ce2d62901152c1,queue,,undefined,undefined,undefined,[]
error,"[ERROR] [Discovery] Vector ""api_discovery"" failed: Vector execution timed out after 110s",cloudflare-workers,2026-03-18T00:24:10.367Z,false,discovery-queue,1,job-hunter-bot,ok,queue,bf4a61a0-ee48-4507-88d6-944deccb04d3,stateless,Y1J8PR8KJ1KT106N,01KKZ586BZ0FPT5MR4WPFSFBJS,Y1J8PR8KJ1KT106N,discovery-queue,job-hunter-bot,error,"[ERROR] [Discovery] Vector ""api_discovery"" failed: Vector execution timed out after 110s","[ERROR] [Discovery] Vector ""api_discovery"" failed: Vector execution timed out after 110s",346e138aae29f6b381c1ebae50734856,cf-worker,acf233ee408f5b57bb6242e78f364b8c,queue,,undefined,undefined,undefined,[]
error,"[ERROR] [Discovery] Vector ""search"" failed: Vector execution timed out after 110s",cloudflare-workers,2026-03-18T00:22:30.739Z,false,discovery-queue,1,job-hunter-bot,ok,queue,bf4a61a0-ee48-4507-88d6-944deccb04d3,stateless,0MFKIRE4V6BR17M3,01KKZ5553QNCGPYT48021PMN8H,0MFKIRE4V6BR17M3,discovery-queue,job-hunter-bot,error,"[ERROR] [Discovery] Vector ""search"" failed: Vector execution timed out after 110s","[ERROR] [Discovery] Vector ""search"" failed: Vector execution timed out after 110s",346e138aae29f6b381c1ebae50734856,cf-worker,d4ca89458359150b23ce2d62901152c1,queue,,undefined,undefined,undefined,[]
error,"[ERROR] [Discovery] Vector ""api_discovery"" failed: Vector execution timed out after 110s",cloudflare-workers,2026-03-18T00:22:19.955Z,false,discovery-queue,1,job-hunter-bot,ok,queue,bf4a61a0-ee48-4507-88d6-944deccb04d3,stateless,4B88OY2KEO8NQWVM,01KKZ54TJZNHARTG4VFK55S2JZ,4B88OY2KEO8NQWVM,discovery-queue,job-hunter-bot,error,"[ERROR] [Discovery] Vector ""api_discovery"" failed: Vector execution timed out after 110s","[ERROR] [Discovery] Vector ""api_discovery"" failed: Vector execution timed out after 110s",346e138aae29f6b381c1ebae50734856,cf-worker,acf233ee408f5b57bb6242e78f364b8c,queue,,undefined,undefined,undefined,[]
error,"[ERROR] [Discovery] Vector ""search"" failed: Vector execution timed out after 110s",cloudflare-workers,2026-03-18T00:20:31.891Z,false,discovery-queue,2,job-hunter-bot,ok,queue,bf4a61a0-ee48-4507-88d6-944deccb04d3,stateless,09F40KHDL35PJWDP,01KKZ51SBYM64A9T15GGHYH8WE,09F40KHDL35PJWDP,discovery-queue,job-hunter-bot,error,"[ERROR] [Discovery] Vector ""search"" failed: Vector execution timed out after 110s","[ERROR] [Discovery] Vector ""search"" failed: Vector execution timed out after 110s",346e138aae29f6b381c1ebae50734856,cf-worker,d4ca89458359150b23ce2d62901152c1,queue,,undefined,undefined,undefined,[]
error,"[ERROR] [Discovery] Vector ""api_discovery"" failed: Vector execution timed out after 110s",cloudflare-workers,2026-03-18T00:20:29.641Z,false,discovery-queue,2,job-hunter-bot,ok,queue,bf4a61a0-ee48-4507-88d6-944deccb04d3,stateless,7FBA77WND5E1ZV44,01KKZ51ETM6C1W6XXWFDNBV7B1,7FBA77WND5E1ZV44,discovery-queue,job-hunter-bot,error,"[ERROR] [Discovery] Vector ""api_discovery"" failed: Vector execution timed out after 110s","[ERROR] [Discovery] Vector ""api_discovery"" failed: Vector execution timed out after 110s",346e138aae29f6b381c1ebae50734856,cf-worker,acf233ee408f5b57bb6242e78f364b8c,queue,,undefined,undefined,undefined,[]
error,"[ERROR] [Discovery] Vector ""search"" failed: Vector execution timed out after 110s",cloudflare-workers,2026-03-18T00:18:41.328Z,false,discovery-queue,2,job-hunter-bot,ok,queue,bf4a61a0-ee48-4507-88d6-944deccb04d3,stateless,RZK93YC684UKHR55,01KKZ4Y51GWJK5FDDZ43HQKC7Q,RZK93YC684UKHR55,discovery-queue,job-hunter-bot,error,"[ERROR] [Discovery] Vector ""search"" failed: Vector execution timed out after 110s","[ERROR] [Discovery] Vector ""search"" failed: Vector execution timed out after 110s",346e138aae29f6b381c1ebae50734856,cf-worker,d4ca89458359150b23ce2d62901152c1,queue,,undefined,undefined,undefined,[]
error,[ERROR] [Producer] FEED_QUEUE failed completely. Dropping 12 sources to avoid exceededCpu. Will retry next cycle.,cloudflare-workers,2026-03-17T23:55:55.144Z,false,,,job-hunter-bot,ok,cron,bf4a61a0-ee48-4507-88d6-944deccb04d3,stateless,BJ4NUI35KN3B4BNU,01KKZ3MM4AWFDFKK7DS72R3GTK,BJ4NUI35KN3B4BNU,"10,25,40,55 * * * *",job-hunter-bot,error,[ERROR] [Producer] FEED_QUEUE failed completely. Dropping 12 sources to avoid exceededCpu. Will retry next cycle.,[ERROR] [Producer] FEED_QUEUE failed completely. Dropping 12 sources to avoid exceededCpu. Will retry next cycle.,346e138aae29f6b381c1ebae50734856,cf-worker,db2f4d94b13c097f107e6ce964f9dbd0,cron,,undefined,undefined,undefined,[]
error,[ERROR] [Producer] Queue send failed after retries: Queue sendBatch failed: Too Many Requests. Falling back to DIRECT processing.,cloudflare-workers,2026-03-17T23:55:55.144Z,false,,,job-hunter-bot,ok,cron,bf4a61a0-ee48-4507-88d6-944deccb04d3,stateless,BJ4NUI35KN3B4BNU,01KKZ3MM4AWFDFKK7DS72R3GTJ,BJ4NUI35KN3B4BNU,"10,25,40,55 * * * *",job-hunter-bot,error,[ERROR] [Producer] Queue send failed after retries: Queue sendBatch failed: Too Many Requests. Falling back to DIRECT processing.,[ERROR] [Producer] Queue send failed after retries: Queue sendBatch failed: Too Many Requests. Falling back to DIRECT processing.,346e138aae29f6b381c1ebae50734856,cf-worker,a182c642af561a79ea097003474c6a2a,cron,,undefined,undefined,undefined,[]
error,[ERROR] [Producer] FEED_QUEUE failed completely. Dropping 14 sources to avoid exceededCpu. Will retry next cycle.,cloudflare-workers,2026-03-17T23:50:55.982Z,false,,,job-hunter-bot,ok,cron,bf4a61a0-ee48-4507-88d6-944deccb04d3,stateless,GPMV6Q78CTGJHPY0,01KKZ3BAQE5WNYAA12XF49DBSN,GPMV6Q78CTGJHPY0,"5,20,35,50 * * * *",job-hunter-bot,error,[ERROR] [Producer] FEED_QUEUE failed completely. Dropping 14 sources to avoid exceededCpu. Will retry next cycle.,[ERROR] [Producer] FEED_QUEUE failed completely. Dropping 14 sources to avoid exceededCpu. Will retry next cycle.,346e138aae29f6b381c1ebae50734856,cf-worker,5d5f238a77d31219761bdec5211a9fd6,cron,,undefined,undefined,undefined,[]
error,[ERROR] [Producer] Queue send failed after retries: Queue sendBatch failed: Too Many Requests. Falling back to DIRECT processing.,cloudflare-workers,2026-03-17T23:50:55.982Z,false,,,job-hunter-bot,ok,cron,bf4a61a0-ee48-4507-88d6-944deccb04d3,stateless,GPMV6Q78CTGJHPY0,01KKZ3BAQE5WNYAA12XF49DBSM,GPMV6Q78CTGJHPY0,"5,20,35,50 * * * *",job-hunter-bot,error,[ERROR] [Producer] Queue send failed after retries: Queue sendBatch failed: Too Many Requests. Falling back to DIRECT processing.,[ERROR] [Producer] Queue send failed after retries: Queue sendBatch failed: Too Many Requests. Falling back to DIRECT processing.,346e138aae29f6b381c1ebae50734856,cf-worker,a182c642af561a79ea097003474c6a2a,cron,,undefined,undefined,undefined,[]
error,[ERROR] [Producer] FEED_QUEUE failed completely. Dropping 14 sources to avoid exceededCpu. Will retry next cycle.,cloudflare-workers,2026-03-17T23:45:56.348Z,false,,,job-hunter-bot,ok,cron,bf4a61a0-ee48-4507-88d6-944deccb04d3,stateless,Z66OUCSCMX451I1T,01KKZ3263WDKNXJTASQ7KWPXP7,Z66OUCSCMX451I1T,"0,15,30,45 * * * *",job-hunter-bot,error,[ERROR] [Producer] FEED_QUEUE failed completely. Dropping 14 sources to avoid exceededCpu. Will retry next cycle.,[ERROR] [Producer] FEED_QUEUE failed completely. Dropping 14 sources to avoid exceededCpu. Will retry next cycle.,346e138aae29f6b381c1ebae50734856,cf-worker,98b1a8941c7fae291cce0cd8671789ec,cron,[ERROR] [Producer] FEED_QUEUE failed completely. Dropping <*> sources to avoid exceededCpu. Will retry next cycle.,undefined,undefined,undefined,[]
error,[ERROR] [Producer] Queue send failed after retries: Queue sendBatch failed: Too Many Requests. Falling back to DIRECT processing.,cloudflare-workers,2026-03-17T23:45:56.348Z,false,,,job-hunter-bot,ok,cron,bf4a61a0-ee48-4507-88d6-944deccb04d3,stateless,Z66OUCSCMX451I1T,01KKZ3263WDKNXJTASQ7KWPXP6,Z66OUCSCMX451I1T,"0,15,30,45 * * * *",job-hunter-bot,error,[ERROR] [Producer] Queue send failed after retries: Queue sendBatch failed: Too Many Requests. Falling back to DIRECT processing.,[ERROR] [Producer] Queue send failed after retries: Queue sendBatch failed: Too Many Requests. Falling back to DIRECT processing.,346e138aae29f6b381c1ebae50734856,cf-worker,a182c642af561a79ea097003474c6a2a,cron,[ERROR] [Producer] Queue send failed after retries: Queue sendBatch failed: Too Many Requests. Falling back to DIRECT processing.,undefined,undefined,undefined,[]
error,[ERROR] [Producer] FEED_QUEUE failed completely. Dropping 12 sources to avoid exceededCpu. Will retry next cycle.,cloudflare-workers,2026-03-17T23:40:56.537Z,false,,,job-hunter-bot,ok,cron,bf4a61a0-ee48-4507-88d6-944deccb04d3,stateless,KSP3FT7S6QZ2JK53,01KKZ2S1AS919XZXH0DW2R42EC,KSP3FT7S6QZ2JK53,"10,25,40,55 * * * *",job-hunter-bot,error,[ERROR] [Producer] FEED_QUEUE failed completely. Dropping 12 sources to avoid exceededCpu. Will retry next cycle.,[ERROR] [Producer] FEED_QUEUE failed completely. Dropping 12 sources to avoid exceededCpu. Will retry next cycle.,346e138aae29f6b381c1ebae50734856,cf-worker,98b1a8941c7fae291cce0cd8671789ec,cron,[ERROR] [Producer] FEED_QUEUE failed completely. Dropping <*> sources to avoid exceededCpu. Will retry next cycle.,undefined,undefined,undefined,[]
error,[ERROR] [Producer] Queue send failed after retries: Queue sendBatch failed: Too Many Requests. Falling back to DIRECT processing.,cloudflare-workers,2026-03-17T23:40:56.537Z,false,,,job-hunter-bot,ok,cron,bf4a61a0-ee48-4507-88d6-944deccb04d3,stateless,KSP3FT7S6QZ2JK53,01KKZ2S1AS919XZXH0DW2R42EB,KSP3FT7S6QZ2JK53,"10,25,40,55 * * * *",job-hunter-bot,error,[ERROR] [Producer] Queue send failed after retries: Queue sendBatch failed: Too Many Requests. Falling back to DIRECT processing.,[ERROR] [Producer] Queue send failed after retries: Queue sendBatch failed: Too Many Requests. Falling back to DIRECT processing.,346e138aae29f6b381c1ebae50734856,cf-worker,a182c642af561a79ea097003474c6a2a,cron,[ERROR] [Producer] Queue send failed after retries: Queue sendBatch failed: Too Many Requests. Falling back to DIRECT processing.,undefined,undefined,undefined,[]
error,[ERROR] [Producer] FEED_QUEUE failed completely. Dropping 14 sources to avoid exceededCpu. Will retry next cycle.,cloudflare-workers,2026-03-17T23:35:55.240Z,false,,,job-hunter-bot,ok,cron,bf4a61a0-ee48-4507-88d6-944deccb04d3,stateless,VTY94JDB2AUJ91AL,01KKZ2FW31P5ZKJM83V4BFFPZ6,VTY94JDB2AUJ91AL,"5,20,35,50 * * * *",job-hunter-bot,error,[ERROR] [Producer] FEED_QUEUE failed completely. Dropping 14 sources to avoid exceededCpu. Will retry next cycle.,[ERROR] [Producer] FEED_QUEUE failed completely. Dropping 14 sources to avoid exceededCpu. Will retry next cycle.,346e138aae29f6b381c1ebae50734856,cf-worker,5d5f238a77d31219761bdec5211a9fd6,cron,,undefined,undefined,undefined,[]
error,[ERROR] [Producer] Queue send failed after retries: Queue sendBatch failed: Too Many Requests. Falling back to DIRECT processing.,cloudflare-workers,2026-03-17T23:35:55.240Z,false,,,job-hunter-bot,ok,cron,bf4a61a0-ee48-4507-88d6-944deccb04d3,stateless,VTY94JDB2AUJ91AL,01KKZ2FW31P5ZKJM83V4BFFPZ5,VTY94JDB2AUJ91AL,"5,20,35,50 * * * *",job-hunter-bot,error,[ERROR] [Producer] Queue send failed after retries: Queue sendBatch failed: Too Many Requests. Falling back to DIRECT processing.,[ERROR] [Producer] Queue send failed after retries: Queue sendBatch failed: Too Many Requests. Falling back to DIRECT processing.,346e138aae29f6b381c1ebae50734856,cf-worker,a182c642af561a79ea097003474c6a2a,cron,,undefined,undefined,undefined,[]
error,[ERROR] [Producer] FEED_QUEUE failed completely. Dropping 14 sources to avoid exceededCpu. Will retry next cycle.,cloudflare-workers,2026-03-17T23:30:57.117Z,false,,,job-hunter-bot,ok,cron,bf4a61a0-ee48-4507-88d6-944deccb04d3,stateless,XH2YLSI96IY0TJL1,01KKZ26QYXR1163SHKT9Z75PKV,XH2YLSI96IY0TJL1,"0,15,30,45 * * * *",job-hunter-bot,error,[ERROR] [Producer] FEED_QUEUE failed completely. Dropping 14 sources to avoid exceededCpu. Will retry next cycle.,[ERROR] [Producer] FEED_QUEUE failed completely. Dropping 14 sources to avoid exceededCpu. Will retry next cycle.,346e138aae29f6b381c1ebae50734856,cf-worker,5d5f238a77d31219761bdec5211a9fd6,cron,,undefined,undefined,undefined,[]
error,[ERROR] [Producer] Queue send failed after retries: Queue sendBatch failed: Too Many Requests. Falling back to DIRECT processing.,cloudflare-workers,2026-03-17T23:30:57.117Z,false,,,job-hunter-bot,ok,cron,bf4a61a0-ee48-4507-88d6-944deccb04d3,stateless,XH2YLSI96IY0TJL1,01KKZ26QYXR1163SHKT9Z75PKT,XH2YLSI96IY0TJL1,"0,15,30,45 * * * *",job-hunter-bot,error,[ERROR] [Producer] Queue send failed after retries: Queue sendBatch failed: Too Many Requests. Falling back to DIRECT processing.,[ERROR] [Producer] Queue send failed after retries: Queue sendBatch failed: Too Many Requests. Falling back to DIRECT processing.,346e138aae29f6b381c1ebae50734856,cf-worker,a182c642af561a79ea097003474c6a2a,cron,,undefined,undefined,undefined,[]